date,amfi_code,transaction_type,state,amount,city_tier,age_group
2022-01-01,118632,Sip,Tamil Nadu,6822.33,T30,36-45
2022-01-01,120841,Redemption,Maharashtra,4298.76,T30,36-45
2022-01-02,120503,Sip,Karnataka,10523.79,B30,36-45
2022-01-02,119092,Redemption,Maharashtra,7551.87,T30,26-35
2022-01-04,120841,Redemption,Gujarat,3483.52,B30,36-45
2022-01-05,119092,Sip,Delhi,1085.18,T30,36-45
2022-01-05,119551,Redemption,Tamil Nadu,500.0,B30,18-25
2022-01-06,120503,Sip,Maharashtra,2066.38,B30,18-25
2022-01-08,120503,Sip,Maharashtra,5600.21,T30,46-60
2022-01-09,119551,Sip,Karnataka,6160.42,T30,26-35
2022-01-10,118632,Sip,Maharashtra,4697.84,T30,36-45
2022-01-10,120841,Redemption,Maharashtra,3157.05,B30,26-35
2022-01-11,119551,Sip,Maharashtra,5162.25,T30,26-35
2022-01-12,120841,Sip,Tamil Nadu,9251.32,T30,26-35
2022-01-13,120841,Sip,Gujarat,6254.21,B30,18-25
2022-01-14,120503,Sip,Tamil Nadu,8526.03,T30,36-45
2022-01-15,120841,Lumpsum,Maharashtra,5489.26,T30,26-35
2022-01-15,119551,Sip,Karnataka,5820.88,T30,36-45
2022-01-17,120503,Lumpsum,Maharashtra,10056.25,B30,26-35
2022-01-18,119092,Sip,Maharashtra,6354.41,T30,46-60
2022-01-20,118632,Lumpsum,Karnataka,2638.38,T30,18-25
2022-01-21,119551,Sip,Delhi,7496.85,T30,36-45
2022-01-22,118632,Lumpsum,Delhi,3866.74,T30,26-35
2022-01-23,118632,Sip,Maharashtra,4194.33,T30,18-25
2022-01-23,118632,Sip,Maharashtra,5063.67,B30,46-60
2022-01-25,119551,Sip,Maharashtra,6610.53,T30,18-25
2022-01-27,120503,Lumpsum,Maharashtra,7964.53,T30,26-35
2022-01-28,120841,Sip,Maharashtra,6027.2,T30,26-35
2022-01-28,118632,Sip,Gujarat,6061.91,T30,46-60
2022-01-29,118632,Sip,Gujarat,10053.07,T30,26-35
2022-02-03,118632,Redemption,Tamil Nadu,1224.47,T30,26-35
2022-02-03,119551,Sip,Maharashtra,8818.44,T30,36-45
2022-02-04,120841,Sip,Gujarat,2873.26,T30,36-45
2022-02-04,118632,Sip,Tamil Nadu,4741.24,B30,36-45
2022-02-05,118632,Sip,Gujarat,6847.23,T30,46-60
2022-02-06,120503,Sip,Maharashtra,7334.12,T30,36-45
2022-02-07,118632,Sip,Gujarat,5085.5,B30,36-45
2022-02-08,118632,Sip,Maharashtra,1348.88,T30,26-35
2022-02-10,119551,Lumpsum,Karnataka,8246.62,T30,36-45
2022-02-10,119092,Sip,Maharashtra,6073.13,T30,36-45
2022-02-12,118632,Lumpsum,Gujarat,4297.79,T30,36-45
2022-02-16,120841,Lumpsum,Gujarat,4780.82,T30,26-35
2022-02-16,118632,Sip,Karnataka,2259.5,T30,36-45
2022-02-16,119092,Sip,Maharashtra,10620.88,T30,36-45
2022-02-16,120841,Sip,Karnataka,2116.43,B30,36-45
2022-02-17,119551,Sip,Maharashtra,8455.8,T30,46-60
2022-02-20,118632,Sip,Tamil Nadu,8100.8,B30,46-60
2022-02-20,119551,Sip,Maharashtra,4435.29,T30,46-60
2022-02-20,120503,Sip,Maharashtra,9516.95,T30,36-45
2022-02-22,119551,Sip,Delhi,10210.87,T30,36-45
2022-02-23,118632,Lumpsum,Gujarat,5904.65,B30,18-25
2022-02-25,119551,Sip,Gujarat,5234.59,B30,36-45
2022-02-27,120841,Sip,Delhi,8200.71,T30,26-35
2022-03-02,120841,Redemption,Tamil Nadu,4712.63,B30,26-35
2022-03-03,120841,Sip,Gujarat,6357.02,T30,60+
2022-03-04,119092,Lumpsum,Gujarat,11371.21,T30,26-35
2022-03-06,120503,Lumpsum,Karnataka,8009.8,B30,26-35
2022-03-08,119551,Sip,West Bengal,6375.72,T30,26-35
2022-03-10,119092,Sip,Karnataka,6299.0,T30,46-60
2022-03-10,119092,Sip,Maharashtra,522.31,T30,36-45
2022-03-16,120503,Sip,Tamil Nadu,1014.68,T30,36-45
2022-03-16,118632,Sip,Maharashtra,6404.45,T30,60+
2022-03-16,120841,Sip,Gujarat,4846.57,B30,26-35
2022-03-17,120503,Sip,Maharashtra,3982.15,B30,46-60
2022-03-19,120841,Sip,Gujarat,7402.67,B30,26-35
2022-03-19,119551,Lumpsum,Gujarat,2639.74,T30,26-35
2022-03-21,119092,Sip,Delhi,6483.3,T30,46-60
2022-03-22,120841,Sip,West Bengal,3289.47,T30,36-45
2022-03-24,119551,Sip,Maharashtra,7774.46,B30,36-45
2022-03-27,120841,Lumpsum,Gujarat,10970.83,T30,36-45
2022-03-29,120503,Lumpsum,Gujarat,6816.56,T30,18-25
2022-03-30,118632,Sip,Maharashtra,6794.77,T30,60+
2022-03-31,118632,Redemption,Delhi,8049.72,T30,36-45
2022-03-31,118632,Lumpsum,Maharashtra,4136.69,T30,26-35
2022-03-31,119551,Lumpsum,Maharashtra,7030.27,T30,18-25
2022-04-01,118632,Sip,Delhi,9796.8,T30,36-45
2022-04-02,119092,Lumpsum,Maharashtra,6545.06,B30,26-35
2022-04-03,119092,Lumpsum,Gujarat,8762.35,T30,26-35
2022-04-04,120503,Lumpsum,Delhi,2447.12,T30,26-35
2022-04-05,120503,Sip,Gujarat,4560.14,T30,36-45
2022-04-05,118632,Redemption,Maharashtra,6385.12,T30,26-35
2022-04-05,118632,Lumpsum,Maharashtra,2526.0,T30,18-25
2022-04-06,118632,Sip,Maharashtra,6129.46,T30,36-45
2022-04-06,119092,Sip,Delhi,3537.01,T30,36-45
2022-04-08,119551,Lumpsum,Maharashtra,7925.63,B30,36-45
2022-04-09,120841,Lumpsum,Gujarat,4024.97,T30,60+
2022-04-09,119092,Sip,Delhi,2454.85,T30,18-25
2022-04-09,120503,Lumpsum,Gujarat,4525.23,T30,18-25
2022-04-13,119092,Sip,Delhi,7043.49,T30,36-45
2022-04-14,120503,Redemption,Maharashtra,9897.0,T30,46-60
2022-04-14,119551,Sip,Maharashtra,7008.59,T30,18-25
2022-04-15,119551,Redemption,Karnataka,8184.07,T30,26-35
2022-04-17,120841,Sip,Gujarat,8439.2,B30,26-35
2022-04-19,120503,Sip,Delhi,7967.58,B30,26-35
2022-04-19,120503,Sip,Gujarat,9216.56,T30,46-60
2022-04-21,120503,Sip,Delhi,3872.09,T30,36-45
2022-04-21,119551,Redemption,Gujarat,6340.34,T30,18-25
2022-04-21,120841,Redemption,Maharashtra,5009.21,T30,26-35
2022-04-23,120841,Sip,Gujarat,8036.06,T30,26-35
2022-04-23,120841,Sip,Maharashtra,4584.68,T30,36-45
2022-04-25,120841,Sip,West Bengal,4586.22,T30,26-35
2022-04-27,120841,Lumpsum,Maharashtra,8246.54,T30,36-45
2022-04-27,119092,Lumpsum,Delhi,6052.65,T30,46-60
2022-04-28,120503,Sip,Maharashtra,2697.69,T30,26-35
2022-04-28,120841,Sip,Gujarat,5385.3,T30,36-45
2022-04-30,120503,Redemption,Maharashtra,6210.81,T30,36-45
2022-05-02,119551,Sip,Gujarat,8854.63,B30,26-35
2022-05-03,119092,Lumpsum,Maharashtra,9997.89,T30,46-60
2022-05-06,119092,Sip,Gujarat,10243.58,B30,26-35
2022-05-06,119551,Sip,Gujarat,11701.25,B30,26-35
2022-05-07,119092,Sip,Delhi,5202.08,T30,18-25
2022-05-08,119551,Sip,Delhi,6828.71,B30,46-60
2022-05-10,119092,Lumpsum,Maharashtra,7941.62,T30,26-35
2022-05-11,120503,Sip,Delhi,8049.32,B30,26-35
2022-05-12,119092,Sip,Gujarat,3250.88,T30,36-45
2022-05-13,118632,Sip,Gujarat,11291.87,T30,46-60
2022-05-14,118632,Lumpsum,Gujarat,7026.33,T30,36-45
2022-05-15,118632,Sip,Gujarat,3966.17,T30,26-35
2022-05-18,120503,Sip,Maharashtra,5636.87,B30,26-35
2022-05-19,120503,Redemption,Maharashtra,4203.8,T30,18-25
2022-05-20,120841,Sip,Delhi,11464.28,B30,26-35
2022-05-21,120841,Sip,Gujarat,3993.35,T30,46-60
2022-05-23,119551,Lumpsum,Maharashtra,10296.02,T30,18-25
2022-05-24,119092,Lumpsum,Maharashtra,8070.17,B30,46-60
2022-05-24,119551,Redemption,Maharashtra,7489.26,T30,26-35
2022-05-24,119551,Sip,Gujarat,500.0,T30,18-25
2022-05-25,120503,Sip,Gujarat,5190.17,T30,26-35
2022-05-25,119092,Sip,Maharashtra,12278.85,T30,26-35
2022-05-26,118632,Lumpsum,Gujarat,5183.44,T30,26-35
2022-05-27,119092,Redemption,Maharashtra,1668.64,T30,26-35
2022-05-30,119092,Sip,Delhi,3679.64,T30,26-35
2022-05-31,120841,Redemption,Maharashtra,7084.37,T30,46-60
2022-06-01,118632,Sip,Gujarat,500.0,T30,36-45
2022-06-02,120503,Sip,Tamil Nadu,4426.62,T30,36-45
2022-06-03,120503,Lumpsum,Maharashtra,10049.56,T30,18-25
2022-06-03,118632,Sip,Karnataka,8846.04,T30,36-45
2022-06-04,119551,Sip,Karnataka,5677.75,B30,26-35
2022-06-06,118632,Redemption,Delhi,4457.92,T30,26-35
2022-06-07,119092,Redemption,Maharashtra,4281.93,T30,60+
2022-06-09,118632,Sip,Gujarat,4401.92,B30,46-60
2022-06-10,119092,Sip,Gujarat,6500.04,T30,26-35
2022-06-11,118632,Lumpsum,Gujarat,6431.32,B30,26-35
2022-06-15,120503,Sip,Maharashtra,4767.14,B30,26-35
2022-06-16,120503,Sip,Gujarat,936.45,T30,26-35
2022-06-16,120503,Sip,Karnataka,4198.43,T30,46-60
2022-06-19,119092,Sip,Karnataka,10849.97,T30,46-60
2022-06-21,119092,Sip,Maharashtra,9832.33,T30,26-35
2022-06-22,118632,Sip,West Bengal,4355.53,T30,26-35
2022-06-22,118632,Sip,Maharashtra,4571.56,T30,26-35
2022-06-22,119551,Sip,Gujarat,6833.1,T30,46-60
2022-06-26,118632,Sip,Delhi,3339.45,T30,18-25
2022-06-26,120841,Redemption,Tamil Nadu,5886.34,T30,46-60
2022-06-30,119551,Sip,Delhi,4268.11,T30,36-45
2022-07-03,120503,Lumpsum,Karnataka,5198.6,T30,46-60
2022-07-06,119551,Sip,Tamil Nadu,6996.12,B30,26-35
2022-07-07,118632,Sip,Maharashtra,8299.26,T30,26-35
2022-07-09,119551,Lumpsum,Gujarat,3301.52,T30,36-45
2022-07-09,119551,Redemption,Maharashtra,6898.26,T30,36-45
2022-07-09,119551,Lumpsum,Maharashtra,6472.78,T30,36-45
2022-07-10,119092,Redemption,Delhi,4864.92,T30,26-35
2022-07-11,118632,Sip,Maharashtra,5157.03,B30,36-45
2022-07-13,120841,Sip,Maharashtra,3223.94,B30,36-45
2022-07-15,118632,Redemption,Karnataka,2507.12,T30,46-60
2022-07-17,119551,Sip,Karnataka,4749.03,T30,46-60
2022-07-17,120503,Redemption,Tamil Nadu,5084.4,T30,36-45
2022-07-20,118632,Sip,West Bengal,5746.55,T30,26-35
2022-07-21,120841,Lumpsum,Delhi,8447.96,T30,26-35
2022-07-21,120841,Redemption,Maharashtra,7277.16,T30,26-35
2022-07-22,120503,Sip,Delhi,8694.75,T30,18-25
2022-07-22,119551,Sip,Maharashtra,12212.42,T30,36-45
2022-07-24,120503,Lumpsum,Delhi,8500.05,T30,46-60
2022-07-25,120841,Sip,Maharashtra,6054.86,T30,36-45
2022-07-26,120841,Sip,Maharashtra,8853.66,T30,26-35
2022-07-27,119551,Sip,Karnataka,8131.49,B30,26-35
2022-08-02,118632,Sip,Gujarat,5562.95,B30,26-35
2022-08-04,118632,Sip,Karnataka,3820.57,T30,46-60
2022-08-05,119092,Sip,Maharashtra,3465.49,T30,36-45
2022-08-05,120503,Sip,Maharashtra,6637.49,T30,46-60
2022-08-05,119092,Lumpsum,Maharashtra,5180.15,T30,26-35
2022-08-06,120841,Sip,Karnataka,8418.28,T30,36-45
2022-08-06,119551,Lumpsum,Gujarat,6588.47,T30,36-45
2022-08-08,120841,Sip,Tamil Nadu,2490.0,T30,36-45
2022-08-12,118632,Lumpsum,Maharashtra,6701.33,T30,36-45
2022-08-13,119092,Sip,Gujarat,4583.72,T30,46-60
2022-08-14,120841,Redemption,Tamil Nadu,3983.13,T30,36-45
2022-08-16,120841,Sip,Maharashtra,6880.73,T30,26-35
2022-08-16,119551,Lumpsum,Karnataka,3172.75,B30,36-45
2022-08-17,118632,Sip,Maharashtra,10877.13,T30,26-35
2022-08-18,119092,Sip,Maharashtra,6000.47,T30,26-35
2022-08-19,119092,Sip,Gujarat,7083.76,T30,26-35
2022-08-19,119551,Lumpsum,Delhi,7263.32,T30,36-45
2022-08-21,118632,Sip,West Bengal,10829.85,T30,26-35
2022-08-21,119092,Sip,Karnataka,8865.45,T30,36-45
2022-08-23,119551,Lumpsum,Gujarat,8877.82,T30,46-60
2022-08-24,118632,Redemption,Maharashtra,4981.55,T30,26-35
2022-08-24,118632,Lumpsum,Gujarat,4527.27,T30,46-60
2022-08-27,120841,Lumpsum,Delhi,2677.04,T30,46-60
2022-08-30,119092,Redemption,Karnataka,9059.28,T30,36-45
2022-08-31,119551,Sip,Karnataka,2884.34,B30,26-35
2022-09-01,120841,Sip,West Bengal,5797.63,T30,36-45
2022-09-03,119092,Sip,Maharashtra,7004.8,B30,18-25
2022-09-04,119551,Lumpsum,Gujarat,1744.66,T30,26-35
2022-09-04,119551,Sip,Gujarat,10761.08,T30,36-45
2022-09-06,118632,Sip,Maharashtra,4506.59,B30,26-35
2022-09-06,120503,Sip,Maharashtra,9030.4,T30,60+
2022-09-07,120841,Lumpsum,Delhi,7407.84,T30,18-25
2022-09-10,119092,Sip,Maharashtra,6213.21,T30,46-60
2022-09-10,118632,Lumpsum,Delhi,8475.6,T30,36-45
2022-09-11,118632,Lumpsum,Maharashtra,4903.14,B30,26-35
2022-09-11,120503,Sip,Gujarat,6298.89,B30,60+
2022-09-13,120841,Sip,Tamil Nadu,4314.52,T30,26-35
2022-09-15,120841,Lumpsum,West Bengal,6550.88,T30,26-35
2022-09-16,120503,Redemption,Maharashtra,2899.11,B30,26-35
2022-09-18,120841,Sip,Delhi,3767.93,T30,46-60
2022-09-20,119551,Sip,Tamil Nadu,7642.37,B30,26-35
2022-09-21,118632,Lumpsum,Maharashtra,6553.69,T30,46-60
2022-09-22,120503,Sip,Karnataka,8508.46,T30,36-45
2022-09-25,119092,Sip,Gujarat,5274.91,T30,36-45
2022-09-26,119551,Lumpsum,Delhi,4788.02,T30,26-35
2022-09-27,119551,Sip,Maharashtra,1490.28,B30,36-45
2022-09-27,119551,Redemption,Karnataka,4644.29,T30,18-25
2022-10-04,119092,Redemption,Gujarat,6496.99,T30,26-35
2022-10-04,119092,Sip,Maharashtra,5259.88,T30,26-35
2022-10-06,120503,Sip,Maharashtra,5637.31,T30,36-45
2022-10-07,119551,Lumpsum,Maharashtra,4404.31,B30,18-25
2022-10-07,120503,Lumpsum,Gujarat,6705.01,T30,26-35
2022-10-08,119551,Sip,Gujarat,7208.6,T30,26-35
2022-10-11,120841,Sip,West Bengal,6468.85,B30,26-35
2022-10-12,120841,Sip,Maharashtra,6040.79,T30,26-35
2022-10-16,120503,Sip,Delhi,3921.82,T30,46-60
2022-10-16,118632,Sip,Delhi,3743.25,B30,26-35
2022-10-21,118632,Sip,Maharashtra,6849.31,B30,46-60
2022-10-23,119551,Sip,Maharashtra,7454.45,T30,36-45
2022-10-23,119551,Lumpsum,Maharashtra,5103.24,B30,36-45
2022-10-29,119092,Sip,Maharashtra,9353.58,T30,26-35
2022-10-29,119092,Sip,Maharashtra,8503.42,B30,26-35
2022-10-30,118632,Sip,Delhi,8233.11,T30,26-35
2022-11-01,119092,Sip,Gujarat,7983.21,T30,26-35
2022-11-09,118632,Redemption,Maharashtra,7124.75,T30,36-45
2022-11-10,119092,Sip,Maharashtra,6181.81,T30,60+
2022-11-11,120503,Lumpsum,Tamil Nadu,6080.83,T30,26-35
2022-11-12,120503,Sip,Gujarat,7915.49,B30,18-25
2022-11-14,119551,Sip,Maharashtra,1905.99,T30,26-35
2022-11-14,120503,Redemption,Maharashtra,8342.67,T30,18-25
2022-11-16,118632,Sip,Tamil Nadu,10124.46,T30,46-60
2022-11-17,118632,Sip,Gujarat,9486.56,T30,26-35
2022-11-17,118632,Lumpsum,Delhi,6529.0,T30,36-45
2022-11-20,119551,Sip,Karnataka,5739.25,B30,26-35
2022-11-22,119092,Lumpsum,Maharashtra,7708.15,B30,26-35
2022-11-25,120841,Sip,Maharashtra,5009.01,T30,26-35
2022-11-27,118632,Sip,Delhi,3707.68,T30,26-35
2022-11-30,120841,Sip,Gujarat,4835.76,T30,26-35
2022-12-02,119092,Sip,Delhi,5492.71,B30,36-45
2022-12-03,120503,Sip,Gujarat,5755.42,T30,18-25
2022-12-04,120841,Sip,Karnataka,7691.1,T30,26-35
2022-12-04,119092,Sip,Delhi,6846.75,T30,46-60
2022-12-04,120841,Lumpsum,Gujarat,1412.98,T30,26-35
2022-12-05,119551,Sip,Karnataka,5708.72,T30,18-25
2022-12-07,120503,Sip,Gujarat,1838.81,T30,26-35
2022-12-10,118632,Lumpsum,Delhi,7862.58,B30,26-35
2022-12-12,118632,Redemption,Gujarat,5344.64,T30,36-45
2022-12-12,118632,Sip,Maharashtra,3621.83,T30,26-35
2022-12-12,120841,Redemption,West Bengal,6272.01,T30,26-35
2022-12-13,118632,Lumpsum,Gujarat,8159.87,T30,26-35
2022-12-14,118632,Sip,Gujarat,5177.64,T30,26-35
2022-12-16,119551,Redemption,Karnataka,5752.77,T30,36-45
2022-12-16,119092,Sip,Tamil Nadu,500.0,T30,26-35
2022-12-22,120841,Sip,Delhi,5468.75,T30,46-60
2022-12-23,118632,Lumpsum,Maharashtra,8290.03,T30,36-45
2022-12-24,118632,Lumpsum,Maharashtra,5682.8,T30,46-60
2022-12-26,120841,Sip,Delhi,500.0,T30,26-35
2022-12-29,119551,Sip,Gujarat,4548.08,B30,18-25
2022-12-29,120841,Sip,Tamil Nadu,6661.46,T30,46-60
2022-12-31,118632,Sip,Maharashtra,1882.84,T30,26-35
2023-01-05,118632,Redemption,Delhi,3511.49,B30,36-45
2023-01-06,119551,Sip,Karnataka,6957.71,T30,26-35
2023-01-08,118632,Lumpsum,Gujarat,7108.81,T30,60+
2023-01-09,120503,Sip,Maharashtra,3959.91,B30,36-45
2023-01-11,120841,Sip,Karnataka,1529.84,T30,46-60
2023-01-14,120503,Sip,Karnataka,8737.9,B30,36-45
2023-01-15,120503,Sip,Maharashtra,2343.08,T30,18-25
2023-01-15,120841,Lumpsum,Karnataka,6462.17,B30,26-35
2023-01-20,119551,Sip,Gujarat,11510.57,B30,18-25
2023-01-20,120841,Sip,Maharashtra,2719.54,B30,26-35
2023-01-21,118632,Sip,Maharashtra,1654.72,T30,26-35
2023-01-21,120841,Sip,Maharashtra,7301.22,T30,26-35
2023-01-22,119551,Redemption,Gujarat,5639.28,T30,46-60
2023-01-23,119551,Lumpsum,Maharashtra,5064.55,T30,46-60
2023-01-24,120503,Sip,Gujarat,9678.48,T30,26-35
2023-01-25,120503,Sip,Maharashtra,6071.98,B30,46-60
2023-01-26,119551,Redemption,Karnataka,6196.94,B30,36-45
2023-01-27,119551,Sip,Maharashtra,6792.87,T30,18-25
2023-01-28,119551,Redemption,Delhi,9020.87,B30,36-45
2023-01-31,120503,Sip,Karnataka,5684.67,T30,26-35
2023-01-31,119551,Sip,Maharashtra,5660.18,B30,46-60
2023-01-31,120503,Lumpsum,Maharashtra,7182.29,B30,26-35
2023-02-01,120503,Sip,Delhi,4659.57,T30,26-35
2023-02-01,119551,Sip,Karnataka,7975.95,T30,36-45
2023-02-02,119551,Lumpsum,Delhi,500.0,T30,26-35
2023-02-02,119551,Sip,Karnataka,6235.31,T30,36-45
2023-02-02,119092,Sip,Karnataka,5266.49,T30,60+
2023-02-04,119551,Sip,Karnataka,10516.34,T30,36-45
2023-02-05,118632,Redemption,Delhi,8498.55,T30,36-45
2023-02-05,119551,Sip,Delhi,5853.09,T30,46-60
2023-02-05,118632,Sip,Tamil Nadu,9002.54,T30,26-35
2023-02-06,119092,Sip,Maharashtra,10982.08,T30,26-35
2023-02-06,120841,Sip,West Bengal,7623.58,T30,18-25
2023-02-07,119092,Sip,Maharashtra,4696.5,T30,26-35
2023-02-08,119092,Lumpsum,Maharashtra,7448.55,B30,36-45
2023-02-09,120503,Sip,Gujarat,4074.04,B30,26-35
2023-02-11,119551,Sip,Maharashtra,9447.91,T30,46-60
2023-02-12,119551,Lumpsum,Gujarat,5490.68,T30,60+
2023-02-17,120503,Redemption,Maharashtra,6697.48,T30,36-45
2023-02-22,120503,Redemption,Karnataka,4365.3,T30,26-35
2023-02-22,118632,Sip,Karnataka,9286.95,T30,26-35
2023-02-23,118632,Lumpsum,Karnataka,5885.35,T30,26-35
2023-02-24,118632,Sip,Karnataka,9893.44,T30,26-35
2023-02-24,120503,Sip,Maharashtra,4984.39,T30,36-45
2023-02-26,119551,Lumpsum,Karnataka,7113.91,B30,36-45
2023-03-01,119092,Sip,Maharashtra,8683.12,B30,26-35
2023-03-08,120841,Sip,Maharashtra,4352.48,B30,36-45
2023-03-11,119092,Sip,Maharashtra,4437.81,B30,26-35
2023-03-11,120503,Sip,Delhi,6417.59,T30,36-45
2023-03-14,118632,Lumpsum,Tamil Nadu,7897.95,T30,26-35
2023-03-14,120503,Sip,Maharashtra,5767.54,T30,36-45
2023-03-18,118632,Sip,Gujarat,3216.2,B30,26-35
2023-03-18,119092,Sip,Delhi,6721.58,B30,18-25
2023-03-20,120841,Redemption,Tamil Nadu,6059.74,B30,46-60
2023-03-21,119551,Lumpsum,Maharashtra,5466.32,B30,26-35
2023-03-21,118632,Sip,Delhi,6453.78,T30,26-35
2023-03-23,118632,Lumpsum,Karnataka,3548.98,B30,26-35
2023-03-25,119551,Redemption,Karnataka,5009.63,B30,36-45
2023-03-26,119092,Redemption,Delhi,5468.55,T30,36-45
2023-03-29,118632,Sip,Maharashtra,5995.66,T30,46-60
2023-03-29,119551,Sip,Gujarat,8574.71,T30,26-35
2023-03-29,119092,Sip,Maharashtra,7900.3,B30,36-45
2023-03-31,118632,Sip,Delhi,6304.54,T30,36-45
2023-04-01,120841,Sip,Maharashtra,3916.57,T30,26-35
2023-04-01,119551,Redemption,Tamil Nadu,8911.46,T30,18-25
2023-04-02,120503,Sip,Gujarat,9566.48,T30,36-45
2023-04-02,119551,Redemption,Maharashtra,8954.4,B30,26-35
2023-04-05,120503,Sip,Tamil Nadu,12386.72,T30,46-60
2023-04-05,120841,Redemption,Maharashtra,6497.37,T30,26-35
2023-04-06,119092,Sip,West Bengal,2010.91,T30,26-35
2023-04-09,119551,Lumpsum,Delhi,3497.34,T30,46-60
2023-04-12,120841,Redemption,Maharashtra,4019.25,T30,26-35
2023-04-13,119092,Sip,Tamil Nadu,5757.17,T30,46-60
2023-04-15,119092,Sip,Gujarat,5090.2,T30,46-60
2023-04-16,119092,Sip,Delhi,12254.11,T30,36-45
2023-04-16,119092,Redemption,Karnataka,6947.03,T30,36-45
2023-04-18,119092,Sip,Maharashtra,1946.51,T30,26-35
2023-04-19,118632,Redemption,Tamil Nadu,2685.52,T30,18-25
2023-04-19,120841,Sip,Karnataka,6456.32,T30,46-60
2023-04-20,119092,Redemption,Gujarat,4665.36,T30,26-35
2023-04-20,119092,Lumpsum,Delhi,7643.41,T30,36-45
2023-04-21,120841,Sip,Maharashtra,9763.86,T30,26-35
2023-04-21,120503,Lumpsum,Karnataka,8861.9,B30,36-45
2023-04-22,118632,Sip,Gujarat,1551.43,B30,46-60
2023-04-23,118632,Sip,Tamil Nadu,6903.0,T30,46-60
2023-04-30,120841,Sip,Maharashtra,7441.98,T30,36-45
2023-04-30,119092,Lumpsum,Delhi,5198.84,T30,46-60
2023-05-03,120841,Sip,Karnataka,3395.38,B30,36-45
2023-05-03,119551,Redemption,Maharashtra,7909.24,B30,36-45
2023-05-04,120841,Sip,Maharashtra,12424.77,B30,26-35
2023-05-05,120841,Lumpsum,Karnataka,6851.64,T30,26-35
2023-05-07,119551,Sip,Gujarat,7553.8,T30,36-45
2023-05-08,119092,Lumpsum,Delhi,9476.83,B30,26-35
2023-05-12,119092,Sip,Gujarat,9924.67,T30,18-25
2023-05-12,118632,Sip,Gujarat,6189.4,T30,26-35
2023-05-14,120503,Sip,Maharashtra,5448.39,T30,46-60
2023-05-15,118632,Lumpsum,Maharashtra,500.0,T30,36-45
2023-05-17,120503,Sip,Gujarat,5734.7,B30,26-35
2023-05-18,119551,Sip,Karnataka,6990.5,B30,18-25
2023-05-18,119551,Sip,Maharashtra,5414.16,T30,26-35
2023-05-18,118632,Sip,West Bengal,7181.66,T30,36-45
2023-05-19,119551,Sip,Gujarat,6724.13,T30,18-25
2023-05-20,120841,Sip,Gujarat,2979.55,T30,26-35
2023-05-24,119092,Sip,West Bengal,5546.54,T30,26-35
2023-05-25,120503,Sip,Maharashtra,4569.51,B30,26-35
2023-05-26,120503,Sip,Maharashtra,6149.42,T30,36-45
2023-05-26,119551,Sip,Maharashtra,10927.16,T30,18-25
2023-05-26,119092,Lumpsum,West Bengal,8317.17,T30,36-45
2023-05-27,120503,Sip,Maharashtra,6227.75,T30,36-45
2023-05-28,120841,Sip,Gujarat,8709.8,B30,26-35
2023-05-28,118632,Sip,Karnataka,6373.55,B30,36-45
2023-05-31,118632,Sip,Karnataka,4830.44,T30,36-45
2023-05-31,118632,Redemption,Maharashtra,7554.86,T30,26-35
2023-06-01,120841,Sip,Karnataka,6802.19,T30,26-35
2023-06-02,118632,Lumpsum,Gujarat,6481.4,T30,46-60
2023-06-02,120503,Sip,Karnataka,4746.58,T30,26-35
2023-06-05,119551,Sip,Tamil Nadu,4073.16,B30,18-25
2023-06-06,119092,Redemption,Karnataka,5220.03,T30,26-35
2023-06-08,120841,Sip,Delhi,5755.03,T30,26-35
2023-06-09,119551,Sip,Maharashtra,10516.29,T30,36-45
2023-06-09,118632,Sip,Delhi,2139.06,T30,18-25
2023-06-10,119551,Sip,Tamil Nadu,7692.95,T30,18-25
2023-06-10,119092,Sip,Tamil Nadu,4310.47,B30,26-35
2023-06-16,119551,Sip,Maharashtra,3199.54,T30,36-45
2023-06-18,120841,Sip,Gujarat,6557.73,T30,18-25
2023-06-21,119551,Sip,Karnataka,5161.5,B30,46-60
2023-06-21,119551,Lumpsum,Karnataka,6197.26,T30,36-45
2023-06-22,119092,Sip,Gujarat,7383.41,T30,26-35
2023-06-24,120503,Sip,Tamil Nadu,4634.72,T30,26-35
2023-06-25,120503,Sip,Maharashtra,9501.0,T30,26-35
2023-06-26,119551,Lumpsum,Delhi,3264.09,T30,36-45
2023-06-27,118632,Sip,Karnataka,1281.17,B30,60+
2023-06-30,119551,Sip,Gujarat,4411.44,T30,18-25
2023-06-30,119092,Sip,Maharashtra,5017.64,T30,36-45
2023-07-01,119551,Sip,West Bengal,6954.92,T30,46-60
2023-07-02,120503,Sip,Maharashtra,6677.77,T30,26-35
2023-07-04,120841,Sip,Maharashtra,7439.76,T30,26-35
2023-07-04,119092,Lumpsum,Gujarat,3521.77,T30,46-60
2023-07-05,119092,Sip,Karnataka,8300.03,T30,18-25
2023-07-05,119551,Redemption,Maharashtra,2507.66,T30,36-45
2023-07-08,120503,Sip,Maharashtra,3576.24,T30,46-60
2023-07-11,119092,Lumpsum,Karnataka,4707.04,B30,26-35
2023-07-13,119551,Lumpsum,Delhi,5044.43,T30,46-60
2023-07-14,119551,Sip,Karnataka,6084.75,B30,26-35
2023-07-17,119092,Lumpsum,Delhi,3168.34,B30,26-35
2023-07-17,118632,Sip,Karnataka,9216.26,T30,26-35
2023-07-18,119092,Sip,Tamil Nadu,10425.42,T30,36-45
2023-07-18,120503,Sip,Maharashtra,2196.01,T30,26-35
2023-07-19,120503,Redemption,Maharashtra,4552.39,B30,46-60
2023-07-20,118632,Sip,Gujarat,8399.89,B30,26-35
2023-07-20,120503,Sip,Maharashtra,3164.01,B30,46-60
2023-07-21,118632,Lumpsum,Tamil Nadu,5142.59,B30,46-60
2023-07-23,119092,Sip,Karnataka,3918.24,T30,26-35
2023-07-24,120503,Lumpsum,Maharashtra,6468.24,T30,26-35
2023-07-24,119092,Lumpsum,Tamil Nadu,9074.44,T30,26-35
2023-07-28,119551,Sip,Delhi,3887.18,T30,36-45
2023-07-28,118632,Sip,Karnataka,7947.57,T30,26-35
2023-07-29,119551,Redemption,Tamil Nadu,6498.71,T30,26-35
2023-07-29,119092,Sip,Tamil Nadu,8455.45,B30,26-35
2023-07-29,119092,Redemption,Karnataka,6903.54,B30,18-25
2023-08-01,118632,Redemption,Maharashtra,5550.46,B30,26-35
2023-08-01,118632,Sip,Gujarat,2959.19,B30,36-45
2023-08-02,120841,Sip,Delhi,7096.25,T30,60+
2023-08-04,120503,Redemption,Delhi,4865.52,T30,26-35
2023-08-10,119092,Sip,Gujarat,6462.03,B30,26-35
2023-08-11,118632,Sip,Maharashtra,8741.63,B30,36-45
2023-08-11,120503,Redemption,Gujarat,4611.73,B30,36-45
2023-08-16,120503,Redemption,Tamil Nadu,9006.19,T30,36-45
2023-08-18,120841,Sip,West Bengal,9415.6,T30,18-25
2023-08-19,120503,Sip,Karnataka,4555.62,T30,36-45
2023-08-21,119551,Redemption,Karnataka,9055.16,B30,36-45
2023-08-24,118632,Sip,Maharashtra,5611.09,B30,36-45
2023-08-24,119092,Sip,Karnataka,5730.01,B30,46-60
2023-08-27,119092,Sip,Maharashtra,5375.48,B30,26-35
2023-08-27,118632,Redemption,Tamil Nadu,4770.66,T30,26-35
2023-08-28,119092,Sip,West Bengal,5664.64,B30,26-35
2023-08-30,119092,Redemption,Delhi,2229.53,B30,46-60
2023-09-01,120503,Sip,Karnataka,8760.18,T30,36-45
2023-09-05,119551,Sip,Karnataka,4632.98,T30,46-60
2023-09-05,120503,Sip,Gujarat,2838.28,T30,46-60
2023-09-05,119092,Redemption,Maharashtra,5339.57,T30,18-25
2023-09-08,120503,Redemption,West Bengal,6711.19,T30,46-60
2023-09-09,119551,Sip,Gujarat,8992.97,T30,26-35
2023-09-15,120503,Lumpsum,Gujarat,5787.95,T30,46-60
2023-09-16,119092,Sip,Maharashtra,12103.76,T30,36-45
2023-09-16,119551,Sip,Maharashtra,10078.93,T30,26-35
2023-09-16,119551,Sip,Karnataka,4737.46,T30,26-35
2023-09-17,119092,Sip,Gujarat,8341.26,T30,18-25
2023-09-18,118632,Lumpsum,Delhi,3384.11,T30,36-45
2023-09-19,119092,Lumpsum,Gujarat,8602.29,B30,46-60
2023-09-20,119092,Sip,Karnataka,8340.52,T30,26-35
2023-09-20,119092,Sip,Karnataka,6442.47,B30,26-35
2023-09-25,120841,Sip,Gujarat,8533.64,T30,26-35
2023-09-26,118632,Sip,Maharashtra,7219.76,T30,36-45
2023-09-26,120841,Lumpsum,Tamil Nadu,5367.62,B30,26-35
2023-09-26,118632,Lumpsum,Delhi,7698.94,T30,36-45
2023-09-26,119092,Lumpsum,Maharashtra,4085.48,T30,36-45
2023-09-28,119092,Sip,Tamil Nadu,10568.15,B30,18-25
2023-10-01,120503,Redemption,Maharashtra,5361.4,T30,26-35
2023-10-02,120503,Redemption,Delhi,10758.23,T30,26-35
2023-10-02,120841,Lumpsum,Maharashtra,5970.69,B30,36-45
2023-10-03,120503,Redemption,Gujarat,4439.75,T30,36-45
2023-10-04,119551,Sip,Karnataka,8600.47,T30,26-35
2023-10-05,119551,Lumpsum,Maharashtra,9823.24,T30,60+
2023-10-07,119092,Redemption,West Bengal,6280.8,T30,36-45
2023-10-08,118632,Lumpsum,Maharashtra,4534.1,T30,36-45
2023-10-08,120841,Lumpsum,Delhi,4654.41,B30,26-35
2023-10-09,119092,Sip,Maharashtra,11410.02,T30,26-35
2023-10-10,119551,Sip,Maharashtra,3126.57,T30,36-45
2023-10-11,120503,Sip,Tamil Nadu,8052.42,T30,36-45
2023-10-15,120841,Lumpsum,Maharashtra,6491.41,T30,26-35
2023-10-16,118632,Lumpsum,Maharashtra,3849.52,B30,18-25
2023-10-16,118632,Redemption,Delhi,4300.67,T30,26-35
2023-10-18,120841,Sip,Maharashtra,7275.57,T30,36-45
2023-10-18,120503,Sip,Gujarat,5376.59,T30,26-35
2023-10-19,120503,Sip,Maharashtra,5286.24,T30,26-35
2023-10-20,119551,Lumpsum,Gujarat,5452.42,T30,26-35
2023-10-21,119092,Redemption,Gujarat,7042.32,T30,46-60
2023-10-22,119551,Lumpsum,Delhi,9420.25,T30,26-35
2023-10-23,118632,Sip,Gujarat,3134.0,T30,18-25
2023-10-24,119551,Lumpsum,Gujarat,8642.54,T30,26-35
2023-10-25,118632,Sip,West Bengal,9512.36,T30,36-45
2023-10-26,120503,Sip,Maharashtra,5165.55,T30,36-45
2023-10-27,120841,Redemption,Karnataka,6241.69,T30,26-35
2023-10-28,119551,Sip,Tamil Nadu,7511.48,T30,60+
2023-10-29,120841,Sip,Gujarat,5673.16,T30,36-45
2023-10-30,120841,Sip,Maharashtra,10831.15,B30,26-35
2023-11-03,118632,Sip,Gujarat,5790.18,T30,36-45
2023-11-03,119551,Lumpsum,Maharashtra,500.0,T30,26-35
2023-11-05,119092,Sip,Gujarat,2689.78,T30,46-60
2023-11-07,118632,Sip,Maharashtra,3289.07,T30,26-35
2023-11-07,119551,Redemption,Maharashtra,6011.5,B30,26-35
2023-11-08,120841,Lumpsum,Delhi,4649.74,T30,18-25
2023-11-13,118632,Lumpsum,Gujarat,6796.99,T30,36-45
2023-11-13,118632,Sip,Gujarat,8491.31,B30,36-45
2023-11-13,118632,Lumpsum,Maharashtra,5474.58,B30,46-60
2023-11-14,120841,Lumpsum,Gujarat,6777.15,T30,18-25
2023-11-15,120503,Sip,Gujarat,6327.55,T30,36-45
2023-11-15,119551,Sip,Maharashtra,8110.71,B30,26-35
2023-11-16,119551,Sip,Tamil Nadu,6625.74,B30,26-35
2023-11-16,119092,Sip,Maharashtra,7471.63,T30,36-45
2023-11-16,120841,Sip,Delhi,5164.66,T30,26-35
2023-11-17,120841,Sip,Tamil Nadu,6022.07,B30,26-35
2023-11-18,120841,Sip,Maharashtra,6597.07,B30,26-35
2023-11-19,120503,Sip,Gujarat,7199.2,T30,36-45
2023-11-20,118632,Sip,Maharashtra,3112.84,B30,36-45
2023-11-21,120503,Lumpsum,Maharashtra,5831.93,T30,26-35
2023-11-21,119092,Sip,Karnataka,3869.5,T30,26-35
2023-11-22,120841,Sip,Karnataka,500.0,B30,36-45
2023-11-23,120503,Sip,Karnataka,4101.23,T30,36-45
2023-11-28,119092,Sip,Gujarat,5974.59,B30,46-60
2023-11-29,119551,Sip,Maharashtra,8958.07,B30,26-35
2023-11-30,119551,Sip,Maharashtra,5339.91,T30,26-35
2023-11-30,120841,Sip,Maharashtra,2515.42,T30,46-60
2023-11-30,118632,Sip,Tamil Nadu,2071.05,T30,26-35
2023-12-01,120841,Sip,Karnataka,5951.33,T30,26-35
2023-12-01,119551,Sip,Maharashtra,5942.44,B30,26-35
2023-12-04,118632,Redemption,Gujarat,3205.55,T30,46-60
2023-12-05,119551,Sip,West Bengal,5733.78,B30,46-60
2023-12-10,119092,Sip,Delhi,3648.85,T30,36-45
2023-12-10,120841,Sip,Tamil Nadu,8943.86,T30,36-45
2023-12-11,119092,Redemption,Gujarat,7490.99,T30,36-45
2023-12-13,119092,Sip,Maharashtra,4096.43,T30,46-60
2023-12-15,119551,Sip,Delhi,7645.98,T30,36-45
2023-12-15,119551,Sip,Maharashtra,6310.39,T30,36-45
2023-12-15,120841,Redemption,Gujarat,5151.91,T30,36-45
2023-12-16,118632,Sip,Maharashtra,9823.26,T30,26-35
2023-12-18,120503,Lumpsum,Maharashtra,8022.79,T30,36-45
2023-12-19,120503,Redemption,Maharashtra,9863.14,T30,26-35
2023-12-20,119551,Lumpsum,Maharashtra,12594.24,T30,36-45
2023-12-21,119092,Lumpsum,Maharashtra,3899.02,T30,18-25
2023-12-25,120503,Sip,Gujarat,5147.06,T30,26-35
2023-12-26,120503,Sip,Maharashtra,6810.65,B30,26-35
2023-12-27,118632,Sip,Maharashtra,7836.5,T30,36-45
2023-12-27,120503,Sip,Delhi,5562.64,T30,36-45
2023-12-28,118632,Sip,Maharashtra,5763.44,T30,26-35
2023-12-28,118632,Lumpsum,Maharashtra,8343.32,T30,46-60
2023-12-30,120841,Redemption,Tamil Nadu,3230.04,T30,26-35
2023-12-30,120841,Sip,Maharashtra,4489.58,T30,26-35
2023-12-31,118632,Sip,Gujarat,7489.11,T30,60+
2023-12-31,120841,Sip,Maharashtra,4051.76,T30,36-45
2024-01-02,118632,Redemption,Karnataka,4098.95,T30,26-35
2024-01-02,118632,Redemption,Gujarat,7492.16,B30,36-45
2024-01-03,120841,Sip,Delhi,8667.18,T30,18-25
2024-01-05,118632,Sip,Karnataka,12035.54,T30,46-60
2024-01-06,119551,Sip,Maharashtra,6225.46,T30,36-45
2024-01-08,118632,Lumpsum,Gujarat,3721.66,B30,18-25
2024-01-09,119551,Lumpsum,Maharashtra,7075.16,T30,26-35
2024-01-09,120503,Sip,Maharashtra,4046.76,T30,18-25
2024-01-10,120841,Sip,Delhi,5324.31,T30,26-35
2024-01-11,119092,Redemption,Gujarat,5993.12,B30,46-60
2024-01-13,119551,Sip,Maharashtra,9102.87,T30,46-60
2024-01-18,119092,Sip,Maharashtra,6888.58,B30,26-35
2024-01-18,119551,Sip,Karnataka,8951.23,T30,18-25
2024-01-19,120841,Sip,Karnataka,8757.32,T30,26-35
2024-01-20,118632,Redemption,Tamil Nadu,4815.34,T30,26-35
2024-01-20,119551,Sip,Karnataka,6184.83,B30,26-35
2024-01-21,119092,Redemption,Delhi,8984.11,T30,36-45
2024-01-22,119092,Sip,Maharashtra,3325.1,B30,46-60
2024-01-22,118632,Redemption,Tamil Nadu,5683.16,T30,26-35
2024-01-24,120503,Sip,Tamil Nadu,4144.38,B30,26-35
2024-01-24,120841,Sip,Tamil Nadu,8520.01,T30,18-25
2024-01-25,119551,Lumpsum,Tamil Nadu,4132.4,T30,26-35
2024-01-29,118632,Sip,West Bengal,4529.61,T30,46-60
2024-01-29,120841,Sip,Maharashtra,7365.68,T30,18-25
2024-01-29,120841,Sip,Maharashtra,8878.05,T30,26-35
2024-01-31,119551,Sip,Delhi,500.0,T30,36-45
2024-01-31,120841,Sip,Gujarat,6744.01,B30,46-60
2024-02-01,119092,Lumpsum,Karnataka,5038.01,B30,26-35
2024-02-02,120841,Sip,Maharashtra,6124.18,T30,18-25
2024-02-02,119551,Sip,Maharashtra,10055.44,T30,18-25
2024-02-03,118632,Sip,Gujarat,3078.15,B30,18-25
2024-02-03,119551,Sip,Karnataka,5564.62,T30,18-25
2024-02-03,120841,Sip,Maharashtra,9131.54,B30,26-35
2024-02-03,119551,Sip,West Bengal,1384.88,B30,26-35
2024-02-06,118632,Sip,Karnataka,8018.61,T30,18-25
2024-02-06,120503,Sip,West Bengal,6707.37,T30,36-45
2024-02-06,120503,Sip,Tamil Nadu,6198.76,T30,36-45
2024-02-08,120503,Sip,Maharashtra,3771.96,T30,60+
2024-02-09,120841,Sip,Maharashtra,8708.35,T30,46-60
2024-02-10,120503,Sip,Maharashtra,3066.83,T30,26-35
2024-02-10,119551,Lumpsum,Delhi,6086.56,T30,36-45
2024-02-13,119551,Sip,Tamil Nadu,8619.63,B30,26-35
2024-02-15,119092,Redemption,Maharashtra,4764.11,T30,36-45
2024-02-15,120841,Sip,Delhi,7393.26,T30,36-45
2024-02-16,120503,Redemption,Delhi,1697.06,T30,26-35
2024-02-16,119092,Lumpsum,Karnataka,3062.9,T30,26-35
2024-02-18,119551,Lumpsum,Karnataka,8482.32,B30,60+
2024-02-19,119551,Lumpsum,Gujarat,4768.07,T30,26-35
2024-02-23,119092,Redemption,Maharashtra,4695.23,T30,18-25
2024-02-24,120503,Sip,Gujarat,7938.56,T30,36-45
2024-02-24,119551,Lumpsum,Karnataka,3104.29,B30,26-35
2024-02-24,120503,Lumpsum,Karnataka,5577.59,T30,26-35
2024-02-29,119551,Redemption,Gujarat,4565.17,T30,18-25
2024-03-01,119551,Sip,Karnataka,5429.15,T30,36-45
2024-03-02,118632,Redemption,Delhi,6212.7,B30,46-60
2024-03-02,118632,Redemption,Maharashtra,8489.68,T30,46-60
2024-03-04,120841,Lumpsum,Karnataka,9770.62,T30,26-35
2024-03-04,120503,Redemption,Gujarat,5829.65,B30,26-35
2024-03-05,120841,Sip,Karnataka,3161.33,T30,26-35
2024-03-05,119092,Redemption,Maharashtra,6814.6,T30,26-35
2024-03-05,120841,Redemption,Maharashtra,3591.04,T30,36-45
2024-03-06,120503,Sip,Gujarat,5660.36,T30,46-60
2024-03-07,120503,Sip,Maharashtra,3898.48,B30,26-35
2024-03-08,119551,Lumpsum,Maharashtra,7623.41,T30,46-60
2024-03-08,119092,Sip,Gujarat,7399.25,B30,26-35
2024-03-08,119551,Redemption,West Bengal,5847.25,B30,26-35
2024-03-08,119092,Sip,Maharashtra,6425.51,T30,36-45
2024-03-10,119551,Sip,Delhi,8587.82,T30,36-45
2024-03-11,118632,Sip,Karnataka,2277.13,T30,46-60
2024-03-12,120841,Sip,Delhi,5279.02,T30,46-60
2024-03-12,119551,Sip,Maharashtra,3353.74,T30,60+
2024-03-14,120841,Lumpsum,Karnataka,2728.05,T30,26-35
2024-03-15,120841,Sip,Maharashtra,5791.55,T30,26-35
2024-03-16,120841,Sip,Maharashtra,2953.21,B30,36-45
2024-03-16,118632,Sip,Delhi,5600.79,T30,26-35
2024-03-16,120503,Lumpsum,Gujarat,4851.13,B30,60+
2024-03-16,118632,Sip,Gujarat,7278.32,T30,26-35
2024-03-22,120503,Sip,Maharashtra,3059.95,T30,46-60
2024-03-24,118632,Lumpsum,Delhi,1728.36,T30,46-60
2024-03-25,120841,Sip,Delhi,9302.65,B30,26-35
2024-03-25,118632,Sip,Karnataka,6424.61,T30,46-60
2024-03-25,120503,Sip,Karnataka,5195.04,B30,26-35
2024-03-26,120503,Sip,West Bengal,1508.15,T30,26-35
2024-03-26,119551,Sip,Delhi,5761.73,T30,36-45
2024-03-26,119092,Sip,Gujarat,5845.4,T30,36-45
2024-03-26,119551,Lumpsum,Maharashtra,2092.28,T30,36-45
2024-03-31,119092,Sip,Tamil Nadu,1479.11,B30,26-35
2024-04-01,118632,Sip,Maharashtra,2110.07,T30,26-35
2024-04-02,119551,Lumpsum,Maharashtra,2924.65,T30,18-25
2024-04-02,120841,Sip,Maharashtra,3744.52,T30,18-25
2024-04-02,118632,Sip,Maharashtra,9498.21,T30,46-60
2024-04-03,120841,Lumpsum,Maharashtra,2048.12,B30,46-60
2024-04-03,119551,Sip,Maharashtra,3081.16,T30,36-45
2024-04-04,118632,Sip,Maharashtra,7574.95,T30,36-45
2024-04-05,120841,Sip,Maharashtra,5048.98,B30,26-35
2024-04-06,119551,Sip,Maharashtra,5717.3,T30,26-35
2024-04-07,118632,Lumpsum,Tamil Nadu,2217.61,B30,36-45
2024-04-07,118632,Sip,Maharashtra,5123.22,T30,18-25
2024-04-08,120503,Sip,Delhi,5781.86,T30,36-45
2024-04-10,119551,Lumpsum,Gujarat,10128.09,T30,26-35
2024-04-10,119551,Lumpsum,Maharashtra,3569.62,B30,18-25
2024-04-11,119551,Sip,Delhi,9415.39,T30,46-60
2024-04-13,119092,Sip,Karnataka,7182.63,T30,26-35
2024-04-15,120503,Sip,Gujarat,4506.44,T30,18-25
2024-04-15,119551,Sip,Tamil Nadu,4893.94,B30,26-35
2024-04-17,120503,Sip,Maharashtra,4175.84,T30,26-35
2024-04-17,120841,Sip,Karnataka,1345.12,T30,36-45
2024-04-20,120841,Sip,Maharashtra,3699.4,T30,26-35
2024-04-22,120503,Sip,Delhi,5405.72,T30,26-35
2024-04-23,120841,Lumpsum,Delhi,4413.17,T30,36-45
2024-04-24,119551,Sip,Gujarat,4536.83,B30,60+
2024-04-26,119092,Redemption,Delhi,7899.81,T30,46-60
2024-04-27,118632,Sip,Maharashtra,6246.25,B30,36-45
2024-04-28,119092,Sip,Delhi,5664.61,T30,26-35
2024-04-30,119092,Sip,Karnataka,5792.85,T30,46-60
2024-04-30,119551,Lumpsum,Maharashtra,4927.34,T30,46-60
2024-05-01,119092,Sip,Maharashtra,3772.78,T30,36-45
2024-05-02,120503,Sip,Gujarat,7900.8,T30,26-35
2024-05-02,120503,Sip,Tamil Nadu,8488.03,T30,26-35
2024-05-03,119092,Redemption,Karnataka,8474.65,T30,18-25
2024-05-03,118632,Sip,Karnataka,3554.19,T30,46-60
2024-05-04,119092,Redemption,Delhi,12612.59,B30,46-60
2024-05-06,120503,Sip,Karnataka,11696.0,B30,26-35
2024-05-08,120503,Sip,Delhi,5596.11,B30,26-35
2024-05-10,118632,Sip,Maharashtra,4595.13,T30,26-35
2024-05-10,119092,Lumpsum,Delhi,8733.09,T30,26-35
2024-05-13,119551,Sip,Maharashtra,6658.87,T30,36-45
2024-05-13,118632,Redemption,Delhi,6532.37,B30,26-35
2024-05-14,120503,Lumpsum,Karnataka,5588.6,T30,26-35
2024-05-16,119551,Redemption,Maharashtra,10364.68,T30,26-35
2024-05-16,119092,Sip,Maharashtra,8002.7,T30,26-35
2024-05-18,120841,Sip,Maharashtra,5419.24,T30,26-35
2024-05-20,120503,Sip,Karnataka,2376.45,T30,26-35
2024-05-21,120503,Sip,Gujarat,8589.31,T30,18-25
2024-05-21,120503,Sip,Karnataka,9163.61,B30,26-35
2024-05-21,119551,Lumpsum,Delhi,9011.69,T30,36-45
2024-05-22,120503,Sip,Maharashtra,3225.12,T30,36-45
2024-05-22,120503,Sip,Tamil Nadu,1582.47,T30,26-35
2024-05-25,120503,Sip,Gujarat,9037.43,T30,26-35
2024-05-25,118632,Sip,Maharashtra,6009.7,T30,36-45
2024-05-26,118632,Sip,Delhi,10609.75,T30,26-35
2024-05-26,119551,Sip,West Bengal,3155.66,T30,26-35
2024-05-26,120503,Sip,Maharashtra,500.0,B30,18-25
2024-05-27,120503,Sip,Gujarat,7306.4,T30,36-45
2024-05-28,120841,Sip,Karnataka,6201.98,T30,36-45
2024-05-28,118632,Lumpsum,Maharashtra,8510.94,T30,36-45
2024-05-30,119092,Sip,Maharashtra,4081.22,T30,46-60
2024-05-30,120841,Sip,Gujarat,4470.19,T30,26-35
2024-05-30,120841,Sip,Karnataka,690.79,T30,36-45
2024-06-01,120841,Redemption,Delhi,6295.53,T30,36-45
2024-06-01,120841,Sip,Karnataka,6373.39,T30,36-45
2024-06-02,119551,Lumpsum,Gujarat,6399.29,T30,26-35
2024-06-02,118632,Redemption,Delhi,6537.07,T30,60+
2024-06-03,119551,Sip,Gujarat,9314.92,T30,26-35
2024-06-04,119551,Redemption,Gujarat,5082.32,B30,18-25
2024-06-06,118632,Sip,Tamil Nadu,6501.13,T30,26-35
2024-06-09,119092,Sip,Gujarat,5399.18,T30,26-35
2024-06-10,120503,Lumpsum,Tamil Nadu,9172.93,T30,36-45
2024-06-13,119092,Redemption,Karnataka,8133.55,B30,26-35
2024-06-14,120503,Sip,Gujarat,6171.59,T30,26-35
2024-06-15,120841,Sip,Maharashtra,2314.41,T30,36-45
2024-06-15,120503,Sip,Tamil Nadu,2275.91,T30,26-35
2024-06-16,118632,Sip,Gujarat,500.0,T30,18-25
2024-06-16,118632,Sip,Gujarat,6081.77,T30,36-45
2024-06-17,119551,Lumpsum,Maharashtra,4124.1,T30,36-45
2024-06-18,120503,Lumpsum,Maharashtra,7874.87,T30,18-25
2024-06-18,120503,Lumpsum,Gujarat,6166.48,T30,36-45
2024-06-18,118632,Sip,Maharashtra,6640.55,T30,36-45
2024-06-20,120841,Redemption,Tamil Nadu,6734.12,T30,36-45
2024-06-21,120841,Sip,Karnataka,8624.99,T30,26-35
2024-06-27,118632,Lumpsum,Karnataka,4475.25,B30,60+
2024-06-29,118632,Redemption,Delhi,3709.65,B30,36-45
2024-06-30,119551,Lumpsum,Karnataka,4025.38,T30,36-45
2024-07-01,120841,Sip,Delhi,5168.36,T30,46-60
2024-07-02,119551,Sip,Maharashtra,4126.96,T30,26-35
2024-07-06,118632,Sip,Karnataka,9892.2,B30,36-45
2024-07-07,120503,Sip,Gujarat,1737.83,T30,18-25
2024-07-07,120503,Sip,Karnataka,6199.39,T30,36-45
2024-07-08,119092,Lumpsum,Gujarat,5304.7,B30,26-35
2024-07-08,120841,Lumpsum,Delhi,8348.95,T30,18-25
2024-07-09,118632,Lumpsum,Tamil Nadu,5081.47,B30,26-35
2024-07-11,120841,Redemption,Maharashtra,8770.11,B30,36-45
2024-07-13,120841,Sip,Maharashtra,4212.34,B30,36-45
2024-07-16,120503,Sip,Gujarat,5056.64,B30,18-25
2024-07-17,119092,Sip,Maharashtra,2604.47,T30,26-35
2024-07-17,119092,Sip,Maharashtra,7301.38,B30,36-45
2024-07-17,120503,Sip,Maharashtra,5750.08,T30,26-35
2024-07-18,118632,Sip,Delhi,12583.84,B30,46-60
2024-07-22,119092,Sip,Tamil Nadu,7575.37,T30,46-60
2024-07-23,120841,Lumpsum,Gujarat,4560.3,T30,46-60
2024-07-24,118632,Sip,West Bengal,5045.17,T30,26-35
2024-07-24,118632,Sip,Maharashtra,3988.1,T30,60+
2024-07-25,118632,Lumpsum,Gujarat,2579.09,B30,46-60
2024-07-27,118632,Sip,Maharashtra,4847.92,B30,36-45
2024-08-03,119092,Redemption,Gujarat,9229.09,T30,18-25
2024-08-04,120841,Sip,Maharashtra,6114.68,T30,18-25
2024-08-05,120841,Redemption,Maharashtra,4646.23,T30,26-35
2024-08-05,120503,Sip,Maharashtra,9773.64,B30,26-35
2024-08-08,118632,Sip,Karnataka,6845.96,B30,36-45
2024-08-09,119551,Lumpsum,Maharashtra,3710.19,T30,18-25
2024-08-11,119092,Sip,Maharashtra,7961.95,B30,26-35
2024-08-12,119551,Redemption,Maharashtra,5066.43,T30,60+
2024-08-12,120841,Lumpsum,Delhi,7623.74,B30,36-45
2024-08-12,120503,Sip,Karnataka,500.0,T30,26-35
2024-08-13,119092,Lumpsum,Maharashtra,6874.42,T30,26-35
2024-08-13,120841,Lumpsum,Maharashtra,5779.89,B30,18-25
2024-08-14,120503,Lumpsum,Maharashtra,4187.26,T30,36-45
2024-08-14,119551,Sip,Tamil Nadu,8331.86,T30,36-45
2024-08-15,119092,Lumpsum,Maharashtra,8090.82,B30,36-45
2024-08-15,119092,Sip,Karnataka,4707.16,T30,26-35
2024-08-15,120503,Sip,Gujarat,6862.69,T30,18-25
2024-08-15,120503,Lumpsum,Maharashtra,5806.96,B30,26-35
2024-08-16,120503,Lumpsum,Delhi,10261.63,T30,26-35
2024-08-17,118632,Sip,Karnataka,4248.66,T30,26-35
2024-08-18,118632,Lumpsum,Tamil Nadu,3325.26,B30,36-45
2024-08-19,120503,Lumpsum,Tamil Nadu,4462.03,B30,36-45
2024-08-25,118632,Redemption,Delhi,7267.19,T30,26-35
2024-08-26,120503,Redemption,Delhi,10668.06,T30,26-35
2024-08-27,118632,Sip,Maharashtra,7008.67,T30,36-45
2024-08-28,120503,Sip,Maharashtra,855.08,T30,36-45
2024-08-29,120503,Sip,Karnataka,3935.04,B30,36-45
2024-08-29,118632,Sip,Tamil Nadu,11736.92,T30,26-35
2024-08-30,120503,Sip,Maharashtra,7367.4,T30,26-35
2024-09-02,120503,Sip,Maharashtra,3905.73,T30,36-45
2024-09-04,119551,Redemption,Maharashtra,8958.31,T30,36-45
2024-09-07,118632,Sip,Delhi,4532.59,T30,26-35
2024-09-08,120841,Sip,Tamil Nadu,5374.53,T30,46-60
2024-09-09,119551,Sip,Maharashtra,3356.51,T30,36-45
2024-09-10,118632,Sip,Karnataka,8637.15,T30,46-60
2024-09-10,119092,Sip,Maharashtra,1796.06,B30,18-25
2024-09-11,120841,Sip,Karnataka,7323.27,T30,26-35
2024-09-16,119551,Redemption,Tamil Nadu,5090.74,T30,46-60
2024-09-18,119092,Sip,Delhi,6061.02,T30,18-25
2024-09-19,120503,Redemption,Delhi,4178.3,T30,46-60
2024-09-19,120841,Lumpsum,Karnataka,5847.71,T30,46-60
2024-09-19,120841,Lumpsum,Maharashtra,4834.24,B30,26-35
2024-09-19,119092,Redemption,Gujarat,500.0,T30,46-60
2024-09-22,119551,Lumpsum,Maharashtra,12111.46,T30,36-45
2024-09-23,120503,Sip,Maharashtra,6924.43,T30,26-35
2024-09-23,118632,Lumpsum,Delhi,6588.29,T30,36-45
2024-09-23,120841,Sip,Tamil Nadu,5468.93,T30,46-60
2024-09-29,119551,Lumpsum,Maharashtra,5242.6,T30,26-35
2024-09-30,120841,Sip,Maharashtra,2053.31,T30,26-35
2024-09-30,118632,Sip,Maharashtra,2866.76,T30,36-45
2024-10-03,119092,Lumpsum,Maharashtra,3987.6,B30,36-45
2024-10-04,119551,Sip,Maharashtra,8947.37,T30,26-35
2024-10-05,119551,Lumpsum,West Bengal,10184.75,B30,26-35
2024-10-05,120841,Lumpsum,Karnataka,6837.55,B30,26-35
2024-10-05,119092,Sip,Delhi,4593.27,T30,26-35
2024-10-08,119092,Sip,Maharashtra,4686.53,B30,36-45
2024-10-09,119092,Sip,Delhi,4629.58,T30,26-35
2024-10-09,120841,Redemption,Maharashtra,4978.41,T30,18-25
2024-10-10,118632,Sip,Maharashtra,6310.11,T30,18-25
2024-10-11,118632,Sip,Karnataka,3729.48,T30,36-45
2024-10-12,118632,Redemption,Maharashtra,5309.2,T30,60+
2024-10-12,120841,Sip,Maharashtra,6799.08,T30,26-35
2024-10-13,119551,Lumpsum,Maharashtra,5004.64,T30,26-35
2024-10-13,119551,Lumpsum,West Bengal,3205.63,T30,46-60
2024-10-14,120841,Sip,Maharashtra,4233.18,T30,26-35
2024-10-16,118632,Lumpsum,Gujarat,8636.03,T30,36-45
2024-10-16,120841,Sip,Tamil Nadu,4309.4,T30,60+
2024-10-17,120503,Sip,Maharashtra,9300.46,T30,18-25
2024-10-17,119551,Lumpsum,Maharashtra,10366.85,T30,36-45
2024-10-17,119092,Sip,Maharashtra,8805.51,T30,26-35
2024-10-18,119551,Redemption,Delhi,5401.56,B30,60+
2024-10-18,120841,Redemption,Tamil Nadu,4626.6,T30,26-35
2024-10-21,118632,Lumpsum,Delhi,3826.87,B30,26-35
2024-10-21,120841,Lumpsum,Maharashtra,6242.43,T30,36-45
2024-10-22,119551,Sip,Gujarat,3680.54,B30,26-35
2024-10-23,119551,Sip,Delhi,3067.11,B30,26-35
2024-10-25,120841,Sip,Gujarat,6329.11,T30,36-45
2024-10-25,120841,Sip,Karnataka,2911.8,B30,36-45
2024-10-25,118632,Sip,Gujarat,9299.09,B30,46-60
2024-10-27,120503,Sip,Gujarat,5486.93,T30,46-60
2024-10-28,119092,Sip,Delhi,1744.68,T30,26-35
2024-10-29,120841,Sip,Tamil Nadu,6399.12,T30,46-60
2024-11-01,120503,Sip,Maharashtra,6890.54,T30,26-35
2024-11-04,118632,Sip,Maharashtra,4601.68,B30,36-45
2024-11-04,120503,Sip,Delhi,8117.37,T30,36-45
2024-11-04,119551,Sip,Delhi,5798.24,T30,36-45
2024-11-05,118632,Lumpsum,Karnataka,3988.19,T30,18-25
2024-11-08,119551,Sip,Maharashtra,3346.77,B30,26-35
2024-11-10,119092,Lumpsum,West Bengal,9014.89,T30,18-25
2024-11-11,118632,Sip,Tamil Nadu,7127.23,T30,26-35
2024-11-12,120841,Lumpsum,Tamil Nadu,1917.81,T30,26-35
2024-11-12,118632,Sip,Karnataka,10647.44,T30,46-60
2024-11-14,120841,Sip,Delhi,7545.27,T30,26-35
2024-11-15,119092,Sip,Karnataka,4475.16,T30,26-35
2024-11-15,118632,Sip,Gujarat,3230.15,T30,46-60
2024-11-17,119092,Sip,Maharashtra,6715.49,T30,26-35
2024-11-17,119551,Redemption,Maharashtra,7398.94,B30,18-25
2024-11-18,119092,Lumpsum,Maharashtra,6239.34,T30,26-35
2024-11-22,119092,Sip,Maharashtra,7329.36,B30,26-35
2024-11-22,120503,Sip,Delhi,7885.19,T30,46-60
2024-11-25,119092,Sip,West Bengal,7385.56,T30,36-45
2024-11-26,120841,Redemption,Maharashtra,3916.76,T30,26-35
2024-11-26,119551,Sip,Maharashtra,5430.28,T30,26-35
2024-11-28,119092,Lumpsum,Tamil Nadu,4070.72,B30,26-35
2024-11-28,120503,Sip,Karnataka,5642.21,T30,36-45
2024-11-28,119551,Lumpsum,Maharashtra,8113.82,T30,26-35
2024-11-28,119551,Sip,Tamil Nadu,1893.62,T30,26-35
2024-11-29,120841,Lumpsum,Maharashtra,4508.96,T30,26-35
2024-11-30,120841,Sip,Karnataka,6309.79,T30,18-25
2024-12-01,120841,Lumpsum,Maharashtra,4492.59,T30,26-35
2024-12-01,120503,Lumpsum,Tamil Nadu,6743.49,T30,60+
2024-12-02,120503,Sip,Gujarat,9614.66,T30,60+
2024-12-05,118632,Redemption,Gujarat,9225.65,T30,26-35
2024-12-05,118632,Sip,Gujarat,4490.27,T30,26-35
2024-12-06,118632,Sip,Karnataka,6721.03,T30,46-60
2024-12-07,119551,Lumpsum,Karnataka,6466.91,T30,26-35
2024-12-08,119551,Lumpsum,Maharashtra,7327.74,B30,26-35
2024-12-10,119092,Redemption,Tamil Nadu,5913.7,T30,26-35
2024-12-12,119092,Lumpsum,Karnataka,2579.33,T30,26-35
2024-12-12,118632,Redemption,Karnataka,4297.36,T30,46-60
2024-12-12,120503,Sip,Maharashtra,4759.87,T30,26-35
2024-12-13,118632,Sip,Maharashtra,3443.54,T30,26-35
2024-12-13,118632,Lumpsum,Maharashtra,5095.92,B30,36-45
2024-12-15,119092,Sip,Delhi,5847.03,T30,46-60
2024-12-17,120841,Lumpsum,Maharashtra,8241.47,T30,36-45
2024-12-17,120841,Sip,Maharashtra,7197.05,B30,26-35
2024-12-17,120841,Redemption,Maharashtra,1886.02,B30,60+
2024-12-18,119551,Lumpsum,Tamil Nadu,2823.98,T30,36-45
2024-12-22,119092,Sip,Tamil Nadu,4109.19,B30,46-60
2024-12-24,119092,Sip,Maharashtra,6543.54,T30,18-25
2024-12-28,119551,Sip,Maharashtra,4367.98,T30,36-45
2024-12-28,120841,Redemption,West Bengal,1936.0,T30,36-45
2024-12-29,119092,Lumpsum,Karnataka,5633.6,T30,36-45
2024-12-31,118632,Sip,Delhi,1918.49,T30,46-60
2024-12-31,119551,Sip,Delhi,5591.93,T30,60+
2025-01-01,118632,Sip,Tamil Nadu,5617.97,T30,36-45
2025-01-02,119551,Sip,Gujarat,7428.52,T30,26-35
2025-01-03,120503,Sip,Maharashtra,5172.55,B30,36-45
2025-01-04,119551,Redemption,Maharashtra,4486.52,T30,26-35
2025-01-06,118632,Sip,Gujarat,4746.88,T30,26-35
2025-01-06,119551,Sip,Karnataka,4197.37,T30,36-45
2025-01-09,118632,Sip,West Bengal,837.61,T30,60+
2025-01-09,118632,Sip,Maharashtra,8835.74,T30,18-25
2025-01-13,119551,Sip,Karnataka,3474.44,B30,26-35
2025-01-14,119092,Lumpsum,Maharashtra,9760.54,T30,26-35
2025-01-14,119551,Sip,Tamil Nadu,6587.44,T30,46-60
2025-01-20,119092,Sip,Maharashtra,4517.32,T30,36-45
2025-01-23,119551,Sip,Maharashtra,7900.53,B30,26-35
2025-01-24,120841,Sip,Maharashtra,5700.15,T30,26-35
2025-01-25,119092,Sip,Tamil Nadu,5626.42,T30,36-45
2025-01-27,119092,Lumpsum,Maharashtra,5923.99,T30,26-35
2025-01-27,119551,Sip,Gujarat,6953.11,T30,18-25
2025-01-27,118632,Lumpsum,Maharashtra,3437.52,T30,26-35
2025-01-27,119551,Sip,Gujarat,3771.95,B30,36-45
2025-01-27,119551,Lumpsum,Gujarat,3107.55,T30,36-45
2025-01-28,120841,Sip,Maharashtra,7757.2,B30,26-35
2025-01-28,120841,Sip,Karnataka,3359.18,T30,26-35
2025-01-31,120503,Redemption,Delhi,8672.4,T30,46-60
2025-01-31,120503,Lumpsum,Tamil Nadu,8356.36,B30,60+
2025-02-01,120503,Lumpsum,Delhi,8042.17,T30,18-25
2025-02-03,120503,Redemption,West Bengal,1861.58,B30,26-35
2025-02-03,119092,Sip,Maharashtra,9958.69,T30,26-35
2025-02-03,119092,Redemption,Karnataka,2815.71,T30,36-45
2025-02-03,119092,Sip,Maharashtra,9545.6,B30,18-25
2025-02-04,120503,Sip,Maharashtra,3955.71,T30,46-60
2025-02-09,120841,Sip,Karnataka,8066.6,T30,18-25
2025-02-10,119092,Sip,Karnataka,7268.55,B30,26-35
2025-02-10,120503,Sip,Maharashtra,6255.19,T30,26-35
2025-02-13,119092,Sip,Karnataka,5269.98,T30,46-60
2025-02-14,119551,Lumpsum,Gujarat,1308.2,T30,36-45
2025-02-15,120841,Sip,Karnataka,7908.34,T30,26-35
2025-02-15,120841,Sip,Delhi,7851.02,T30,36-45
2025-02-15,120841,Sip,Maharashtra,9012.74,T30,46-60
2025-02-16,119551,Sip,West Bengal,3194.62,B30,26-35
2025-02-17,119551,Sip,Tamil Nadu,6124.51,B30,46-60
2025-02-18,119092,Redemption,Karnataka,7149.45,T30,18-25
2025-02-19,119551,Lumpsum,Gujarat,7376.97,T30,18-25
2025-02-21,119551,Redemption,Maharashtra,6015.53,T30,46-60
2025-02-22,120503,Lumpsum,Delhi,5447.64,T30,26-35
2025-02-23,120841,Sip,Karnataka,8160.61,T30,26-35
2025-02-24,120503,Lumpsum,Maharashtra,7549.52,T30,26-35
2025-02-26,120503,Sip,Maharashtra,5445.78,B30,36-45
2025-02-27,119092,Sip,Maharashtra,5129.27,T30,18-25
2025-02-28,119551,Redemption,Delhi,11301.42,T30,36-45
2025-02-28,119551,Lumpsum,Gujarat,4702.11,T30,26-35
2025-03-01,119551,Sip,West Bengal,3410.22,T30,36-45
2025-03-02,120841,Lumpsum,Karnataka,940.87,B30,60+
2025-03-02,119092,Sip,Gujarat,9783.34,T30,36-45
2025-03-03,120503,Sip,Gujarat,8301.5,T30,26-35
2025-03-04,120503,Sip,Delhi,8956.41,T30,36-45
2025-03-06,119092,Sip,Gujarat,5047.51,T30,26-35
2025-03-06,119551,Lumpsum,Maharashtra,8329.84,T30,46-60
2025-03-06,120503,Lumpsum,Maharashtra,7767.97,B30,36-45
2025-03-08,120503,Lumpsum,Delhi,6431.38,B30,26-35
2025-03-12,118632,Redemption,Gujarat,2813.77,B30,36-45
2025-03-12,119551,Sip,Maharashtra,6944.57,T30,26-35
2025-03-13,119092,Sip,Delhi,7859.75,T30,26-35
2025-03-14,120841,Sip,Maharashtra,6552.02,T30,36-45
2025-03-14,120841,Sip,Maharashtra,11976.92,T30,26-35
2025-03-15,119092,Sip,Delhi,4475.04,T30,26-35
2025-03-17,118632,Sip,Karnataka,3049.29,T30,26-35
2025-03-18,120503,Sip,West Bengal,1776.36,T30,18-25
2025-03-20,118632,Sip,Gujarat,1825.33,B30,26-35
2025-03-26,119551,Sip,Maharashtra,4020.73,T30,46-60
2025-03-26,118632,Redemption,Maharashtra,5067.65,T30,46-60
2025-03-26,118632,Sip,Delhi,8704.3,T30,36-45
2025-03-28,120841,Sip,Maharashtra,9325.95,T30,26-35
2025-03-29,120503,Sip,West Bengal,8484.82,T30,46-60
2025-03-29,120841,Sip,Delhi,6330.68,T30,26-35
2025-03-30,118632,Sip,Maharashtra,5399.62,T30,26-35
2025-03-30,120503,Redemption,Maharashtra,7793.21,T30,36-45
2025-04-01,119092,Sip,Maharashtra,6995.07,B30,46-60
2025-04-01,120503,Sip,Delhi,10656.87,B30,36-45
2025-04-03,120503,Sip,Karnataka,11695.61,T30,26-35
2025-04-03,119092,Sip,Karnataka,4364.0,T30,26-35
2025-04-06,120503,Sip,Maharashtra,3755.03,T30,36-45
2025-04-06,119092,Sip,Maharashtra,6264.13,B30,18-25
2025-04-06,118632,Sip,Maharashtra,4614.16,B30,46-60
2025-04-09,119092,Sip,Karnataka,10838.3,B30,46-60
2025-04-10,120503,Sip,Gujarat,6055.51,T30,26-35
2025-04-12,120503,Sip,West Bengal,4577.43,T30,36-45
2025-04-14,119092,Sip,Maharashtra,4195.09,T30,26-35
2025-04-16,120503,Redemption,Karnataka,5925.65,B30,46-60
2025-04-17,118632,Sip,West Bengal,2908.7,T30,46-60
2025-04-17,119551,Sip,Delhi,8634.8,T30,26-35
2025-04-18,120841,Sip,Delhi,3698.54,B30,36-45
2025-04-20,120841,Redemption,Maharashtra,7184.84,T30,36-45
2025-04-20,119551,Sip,Maharashtra,7300.95,B30,26-35
2025-04-20,120503,Lumpsum,Gujarat,7688.77,T30,46-60
2025-04-21,120841,Redemption,Maharashtra,5295.49,B30,26-35
2025-04-22,120841,Lumpsum,Delhi,4614.86,B30,26-35
2025-04-24,119551,Lumpsum,Maharashtra,5745.7,B30,36-45
2025-04-27,120503,Lumpsum,Karnataka,8018.65,T30,36-45
2025-04-28,120503,Sip,Gujarat,4781.53,B30,26-35
2025-04-28,120841,Sip,Delhi,7520.57,T30,26-35
2025-04-29,119551,Sip,Tamil Nadu,5371.05,B30,36-45
2025-04-30,119551,Lumpsum,Gujarat,6366.27,T30,26-35
2025-04-30,119092,Sip,Tamil Nadu,8613.13,B30,26-35
2025-04-30,120503,Sip,Karnataka,3946.33,T30,46-60
2025-05-02,118632,Sip,Karnataka,6742.71,B30,46-60
2025-05-03,120503,Redemption,Gujarat,5731.61,T30,26-35
2025-05-03,118632,Lumpsum,Delhi,9345.06,T30,36-45
2025-05-03,120841,Sip,Delhi,6921.85,T30,26-35
2025-05-04,119092,Sip,Maharashtra,6038.07,T30,36-45
2025-05-04,119092,Sip,Delhi,2309.83,T30,26-35
2025-05-09,120841,Sip,Maharashtra,6942.73,B30,46-60
2025-05-09,118632,Sip,Gujarat,6393.15,T30,36-45
2025-05-12,119551,Redemption,Karnataka,3340.53,T30,46-60
2025-05-15,120503,Sip,Karnataka,3851.92,T30,26-35
2025-05-18,119551,Sip,Gujarat,3955.18,B30,26-35
2025-05-18,118632,Redemption,Maharashtra,8489.45,T30,36-45
2025-05-20,120841,Lumpsum,Maharashtra,5898.62,T30,36-45
2025-05-21,120841,Sip,Delhi,4237.94,T30,26-35
2025-05-23,120841,Lumpsum,Gujarat,4647.19,B30,18-25
2025-05-23,119551,Sip,Delhi,5002.25,T30,26-35
2025-05-24,120503,Lumpsum,Delhi,1645.74,T30,26-35
2025-05-25,120841,Sip,Tamil Nadu,10052.44,T30,26-35
2025-05-26,118632,Redemption,Delhi,4526.08,T30,36-45
2025-05-28,120841,Sip,Maharashtra,4625.99,T30,36-45
2025-05-28,118632,Redemption,West Bengal,6620.68,T30,26-35
2025-05-28,119551,Redemption,Gujarat,2347.69,T30,46-60
2025-05-31,119092,Sip,Gujarat,4768.77,T30,36-45
2025-05-31,120841,Sip,West Bengal,7745.8,T30,26-35
2025-05-31,119092,Sip,West Bengal,3749.86,T30,46-60
2025-06-02,118632,Sip,Gujarat,5687.55,T30,26-35
2025-06-02,118632,Lumpsum,Karnataka,3756.27,T30,18-25
2025-06-02,119551,Sip,Delhi,6299.0,B30,36-45
2025-06-02,120841,Sip,Gujarat,4180.82,T30,36-45
2025-06-04,118632,Sip,Maharashtra,6866.59,T30,18-25
2025-06-04,118632,Lumpsum,Maharashtra,6360.86,B30,36-45
2025-06-06,119551,Sip,Maharashtra,3124.57,B30,36-45
2025-06-06,118632,Sip,Tamil Nadu,8151.81,T30,26-35
2025-06-06,118632,Sip,Tamil Nadu,5484.69,T30,36-45
2025-06-07,118632,Lumpsum,Maharashtra,5688.93,T30,26-35
2025-06-08,120503,Sip,West Bengal,7063.99,T30,36-45
2025-06-08,120841,Lumpsum,Delhi,8258.6,T30,26-35
2025-06-08,120503,Lumpsum,Gujarat,5505.58,T30,36-45
2025-06-10,120503,Sip,Tamil Nadu,6192.46,B30,36-45
2025-06-10,120503,Sip,Gujarat,4026.63,T30,36-45
2025-06-10,120503,Sip,Gujarat,7656.81,T30,26-35
2025-06-10,120841,Redemption,Gujarat,5099.74,B30,26-35
2025-06-11,118632,Lumpsum,Maharashtra,6797.9,T30,36-45
2025-06-14,119092,Sip,Karnataka,2916.26,T30,26-35
2025-06-16,119092,Lumpsum,Maharashtra,8540.23,T30,18-25
2025-06-18,118632,Sip,Maharashtra,7434.22,B30,26-35
2025-06-19,119551,Sip,Maharashtra,4619.85,T30,46-60
2025-06-20,119092,Sip,Delhi,4518.73,T30,26-35
2025-06-21,119092,Redemption,Maharashtra,3994.61,T30,26-35
2025-06-28,120503,Redemption,Delhi,10211.45,T30,36-45
2025-06-29,119092,Sip,Maharashtra,7881.71,T30,26-35
2025-06-29,119092,Lumpsum,Maharashtra,5096.03,T30,36-45
2025-06-30,120841,Sip,Maharashtra,1729.7,B30,36-45
2025-06-30,120503,Lumpsum,Karnataka,9938.47,T30,26-35
2025-06-30,120841,Sip,Karnataka,3010.94,T30,26-35
2025-06-30,120841,Lumpsum,Maharashtra,8734.24,T30,26-35
2025-07-01,119551,Redemption,Maharashtra,8367.32,B30,36-45
2025-07-01,120503,Sip,Karnataka,5960.21,T30,26-35
2025-07-01,118632,Sip,Maharashtra,8812.09,B30,36-45
2025-07-03,120841,Sip,Karnataka,4587.55,T30,46-60
2025-07-04,119551,Lumpsum,Karnataka,10835.97,T30,26-35
2025-07-06,119092,Sip,Delhi,6172.11,T30,26-35
2025-07-06,119551,Sip,Karnataka,9770.12,T30,18-25
2025-07-08,120841,Sip,Maharashtra,4859.03,T30,18-25
2025-07-15,118632,Redemption,Gujarat,3829.84,T30,26-35
2025-07-15,119551,Sip,Maharashtra,500.0,T30,18-25
2025-07-18,118632,Lumpsum,Karnataka,9725.95,T30,36-45
2025-07-18,120503,Lumpsum,Delhi,8536.61,B30,26-35
2025-07-19,120841,Sip,Karnataka,9638.95,T30,26-35
2025-07-20,120503,Sip,Maharashtra,8867.65,T30,46-60
2025-07-20,119092,Sip,Maharashtra,8729.87,T30,26-35
2025-07-21,120841,Sip,Karnataka,8022.31,B30,46-60
2025-07-21,120503,Redemption,Delhi,5354.8,T30,26-35
2025-07-24,120503,Sip,Tamil Nadu,2495.23,T30,26-35
2025-07-24,120841,Sip,Karnataka,4202.48,B30,26-35
2025-07-24,120841,Sip,Gujarat,1768.3,B30,26-35
2025-07-29,118632,Sip,Karnataka,4197.04,B30,46-60
2025-07-29,120503,Sip,Maharashtra,4178.37,T30,26-35
2025-07-30,119092,Sip,Delhi,4163.6,T30,18-25
2025-07-30,119551,Sip,Maharashtra,6575.25,T30,36-45
2025-07-30,119551,Sip,Maharashtra,7979.49,T30,26-35
2025-08-01,120841,Sip,Maharashtra,6740.91,T30,36-45
2025-08-04,120503,Sip,Karnataka,6072.76,T30,18-25
2025-08-05,119092,Redemption,Maharashtra,6179.7,B30,36-45
2025-08-05,120503,Sip,Maharashtra,8221.93,T30,26-35
2025-08-05,118632,Sip,Karnataka,5246.59,T30,36-45
2025-08-07,120503,Redemption,Gujarat,8388.31,T30,26-35
2025-08-08,119551,Sip,Maharashtra,6108.96,T30,36-45
2025-08-11,120841,Redemption,West Bengal,4974.68,T30,18-25
2025-08-12,118632,Sip,Karnataka,4516.69,T30,26-35
2025-08-12,120503,Lumpsum,Karnataka,10010.23,T30,46-60
2025-08-13,118632,Sip,Karnataka,4653.85,B30,26-35
2025-08-14,118632,Sip,Maharashtra,10446.64,T30,36-45
2025-08-16,119551,Sip,Gujarat,3939.29,T30,26-35
2025-08-17,120841,Redemption,Tamil Nadu,8119.83,B30,36-45
2025-08-18,119092,Sip,Tamil Nadu,6408.51,T30,26-35
2025-08-19,120503,Redemption,Delhi,6163.38,B30,46-60
2025-08-20,118632,Redemption,Maharashtra,1381.48,T30,26-35
2025-08-21,120841,Redemption,Gujarat,6310.18,B30,46-60
2025-08-22,120503,Sip,Karnataka,5738.02,T30,18-25
2025-08-22,119092,Lumpsum,West Bengal,8544.22,B30,36-45
2025-08-24,119092,Sip,Gujarat,3276.63,T30,18-25
2025-08-25,119092,Lumpsum,Maharashtra,9108.09,T30,26-35
2025-08-25,120841,Sip,Tamil Nadu,5999.7,T30,46-60
2025-08-28,118632,Sip,Karnataka,4015.53,T30,26-35
2025-08-30,118632,Redemption,Karnataka,4394.51,T30,36-45
2025-09-01,120841,Sip,Karnataka,3852.97,T30,36-45
2025-09-04,120841,Redemption,Gujarat,3386.96,T30,36-45
2025-09-05,118632,Sip,Maharashtra,1707.35,B30,26-35
2025-09-05,119551,Sip,Maharashtra,7055.27,T30,36-45
2025-09-07,120503,Redemption,Maharashtra,2947.31,T30,46-60
2025-09-08,119092,Redemption,Delhi,11551.71,T30,46-60
2025-09-08,118632,Sip,Karnataka,7058.03,B30,26-35
2025-09-09,118632,Lumpsum,Gujarat,7491.9,B30,60+
2025-09-10,120841,Sip,Delhi,7212.5,T30,26-35
2025-09-11,120503,Sip,Karnataka,3929.01,T30,36-45
2025-09-12,119092,Sip,Delhi,8373.81,T30,26-35
2025-09-15,120841,Sip,Maharashtra,5754.02,T30,36-45
2025-09-15,120841,Sip,Gujarat,2469.26,T30,36-45
2025-09-16,119551,Sip,Tamil Nadu,500.0,T30,46-60
2025-09-20,120503,Sip,Maharashtra,5532.79,B30,26-35
2025-09-20,118632,Sip,Karnataka,8028.01,T30,18-25
2025-09-25,119092,Sip,Gujarat,500.0,T30,46-60
2025-09-25,119092,Sip,Delhi,3053.9,T30,36-45
2025-09-27,118632,Sip,Karnataka,2536.43,B30,26-35
2025-09-27,119092,Sip,Maharashtra,3789.6,T30,36-45
2025-09-27,120841,Lumpsum,Maharashtra,2541.34,B30,26-35
2025-09-29,119092,Sip,Tamil Nadu,4899.26,T30,46-60
2025-10-01,118632,Redemption,Karnataka,9496.48,T30,26-35
2025-10-01,118632,Sip,Karnataka,9564.74,B30,26-35
2025-10-01,118632,Sip,Maharashtra,1819.38,T30,26-35
2025-10-01,119551,Sip,Karnataka,8856.75,B30,46-60
2025-10-03,119551,Sip,Maharashtra,3714.3,B30,36-45
2025-10-03,118632,Lumpsum,Karnataka,5153.27,T30,46-60
2025-10-03,119092,Sip,Delhi,5513.31,T30,60+
2025-10-04,118632,Sip,Tamil Nadu,5290.79,T30,26-35
2025-10-04,119551,Lumpsum,Maharashtra,5498.81,T30,26-35
2025-10-04,120503,Sip,Karnataka,6273.52,T30,36-45
2025-10-05,120503,Sip,Gujarat,4107.18,T30,26-35
2025-10-05,119551,Sip,Maharashtra,4595.54,T30,18-25
2025-10-09,119551,Lumpsum,Maharashtra,6786.77,B30,36-45
2025-10-14,118632,Lumpsum,Gujarat,11259.18,T30,26-35
2025-10-16,120503,Sip,Delhi,5076.53,T30,46-60
2025-10-20,119551,Sip,Maharashtra,10162.0,T30,26-35
2025-10-20,120841,Sip,Gujarat,8876.52,T30,46-60
2025-10-22,119551,Sip,Karnataka,5384.39,T30,36-45
2025-10-22,120503,Lumpsum,Maharashtra,3552.96,T30,26-35
2025-10-24,118632,Lumpsum,Delhi,9775.28,B30,36-45
2025-10-24,120841,Sip,Delhi,9525.53,T30,26-35
2025-10-24,119551,Sip,Maharashtra,6786.2,B30,26-35
2025-10-28,120841,Sip,Maharashtra,8790.62,T30,26-35
2025-10-28,120503,Sip,Delhi,7910.26,T30,46-60
2025-10-28,120503,Redemption,West Bengal,10330.12,T30,36-45
2025-10-29,119551,Sip,Gujarat,5894.08,T30,26-35
2025-10-29,120503,Lumpsum,Maharashtra,3469.32,T30,26-35
2025-10-30,119551,Sip,Maharashtra,5308.41,T30,46-60
2025-10-31,120841,Sip,West Bengal,8154.54,T30,26-35
2025-11-01,119092,Sip,Karnataka,6316.31,T30,36-45
2025-11-01,119551,Sip,Karnataka,7478.54,T30,26-35
2025-11-02,118632,Lumpsum,Maharashtra,4786.16,T30,36-45
2025-11-03,120841,Lumpsum,Delhi,6043.64,B30,26-35
2025-11-08,120841,Redemption,Gujarat,4824.39,B30,18-25
2025-11-09,120841,Sip,Tamil Nadu,6023.66,T30,26-35
2025-11-10,120841,Sip,West Bengal,5071.81,T30,18-25
2025-11-10,119551,Sip,Maharashtra,9007.62,T30,26-35
2025-11-10,120503,Sip,Delhi,5191.41,T30,36-45
2025-11-11,119092,Sip,Gujarat,6275.97,B30,36-45
2025-11-12,118632,Sip,Maharashtra,4285.0,B30,36-45
2025-11-14,120503,Sip,Delhi,5466.68,T30,36-45
2025-11-16,119551,Sip,Maharashtra,6655.54,T30,46-60
2025-11-16,118632,Sip,Maharashtra,9342.3,B30,36-45
2025-11-17,119551,Sip,Karnataka,4145.04,T30,60+
2025-11-17,119551,Sip,Karnataka,2477.23,T30,26-35
2025-11-17,118632,Sip,Maharashtra,4934.33,T30,46-60
2025-11-18,120503,Sip,Maharashtra,2197.18,T30,26-35
2025-11-18,118632,Sip,Maharashtra,4892.26,T30,26-35
2025-11-25,119092,Sip,Gujarat,2821.45,B30,36-45
2025-11-26,118632,Sip,Gujarat,9645.06,T30,26-35
2025-11-27,118632,Lumpsum,Karnataka,503.27,T30,46-60
2025-11-27,119092,Lumpsum,Maharashtra,7256.79,T30,46-60
2025-11-29,120503,Sip,Maharashtra,9156.22,T30,26-35
2025-11-29,120503,Sip,Maharashtra,7867.68,T30,26-35
2025-12-01,119551,Sip,Maharashtra,8736.68,B30,36-45
2025-12-01,119551,Sip,Gujarat,2639.89,T30,26-35
2025-12-02,120841,Redemption,Maharashtra,4099.27,T30,46-60
2025-12-03,120841,Sip,Maharashtra,10595.25,T30,26-35
2025-12-04,120841,Sip,Maharashtra,3115.67,B30,26-35
2025-12-04,119551,Sip,Delhi,5652.37,T30,36-45
2025-12-05,119092,Sip,Delhi,5859.66,T30,36-45
2025-12-05,119551,Redemption,Karnataka,4780.02,B30,18-25
2025-12-05,120503,Lumpsum,West Bengal,4441.62,B30,36-45
2025-12-08,120503,Sip,Karnataka,9598.61,T30,26-35
2025-12-09,120841,Sip,Maharashtra,7537.1,T30,26-35
2025-12-09,120503,Sip,Maharashtra,6948.88,T30,36-45
2025-12-09,118632,Sip,Gujarat,3031.34,T30,18-25
2025-12-10,120503,Sip,Gujarat,2181.76,T30,36-45
2025-12-11,119092,Sip,Maharashtra,4718.99,B30,26-35
2025-12-13,120841,Redemption,Maharashtra,8616.69,T30,36-45
2025-12-14,120841,Sip,Maharashtra,9132.72,B30,26-35
2025-12-14,120841,Lumpsum,Delhi,2876.51,B30,26-35
2025-12-16,120841,Sip,Maharashtra,7396.63,T30,26-35
2025-12-16,120841,Sip,Maharashtra,3673.34,T30,36-45
2025-12-16,118632,Sip,Karnataka,6979.18,B30,26-35
2025-12-21,119551,Sip,Karnataka,7220.26,T30,26-35
2025-12-22,119551,Sip,Gujarat,6845.63,B30,46-60
2025-12-25,120841,Sip,Delhi,7164.43,T30,26-35
2025-12-29,120841,Sip,Tamil Nadu,6070.03,T30,60+
2025-12-29,120841,Lumpsum,Gujarat,6362.7,T30,26-35
2025-12-30,120841,Lumpsum,Gujarat,6227.97,T30,46-60
2025-12-30,119092,Sip,Gujarat,7594.3,T30,26-35
2025-12-31,120841,Lumpsum,Karnataka,9425.11,T30,36-45
2025-12-31,118632,Redemption,Maharashtra,7178.6,T30,36-45
